{
  "central": {
    "c": "#include \"ch55x.h\"\n\n__code uint32_t key_map[KEY_COUNT] = { 20, 26, 8, 21, 23, 29, 24, 12, 18, 19, 4, 22, 7, 9, 10, 11, 13, 14, 15, 39, 28, 27, 6, 25, 5, 17, 16, 30, 31, 32, 33, 34, 35, 36, 37, 38 };\n\n// (No hold tap behaviors)\n\n// (No tap dance bindings)\n\n// (No split periph key indices)\n\n// (No combo defs)\n\n// (No conditional layers)\n\n// (No macros)\n\n#define IN0_PIN 0\nSBIT(IN0, P1_ADDR, IN0_PIN);\n#define IN1_PIN 5\nSBIT(IN1, P1_ADDR, IN1_PIN);\n#define IN2_PIN 6\nSBIT(IN2, P1_ADDR, IN2_PIN);\n#define IN3_PIN 7\nSBIT(IN3, P1_ADDR, IN3_PIN);\n#define IN4_PIN 4\nSBIT(IN4, P1_ADDR, IN4_PIN);\n#define IN5_PIN 3\nSBIT(IN5, P1_ADDR, IN5_PIN);\n#define IN6_PIN 2\nSBIT(IN6, P1_ADDR, IN6_PIN);\n#define IN7_PIN 1\nSBIT(IN7, P1_ADDR, IN7_PIN);\n#define IN8_PIN 2\nSBIT(IN8, P3_ADDR, IN8_PIN);\n#define IN9_PIN 3\nSBIT(IN9, P3_ADDR, IN9_PIN);\n\n#define OUT0_PIN 0\nSBIT(OUT0, P3_ADDR, OUT0_PIN);\n#define OUT1_PIN 1\nSBIT(OUT1, P3_ADDR, OUT1_PIN);\n#define OUT2_PIN 4\nSBIT(OUT2, P3_ADDR, OUT2_PIN);\n#define OUT3_PIN 5\nSBIT(OUT3, P3_ADDR, OUT3_PIN);\n\nvoid keyboard_init_user() {\nOUT0 = 1;\nOUT1 = 1;\nOUT2 = 1;\nOUT3 = 1;\n}\n\nstatic void row_switch_delay() {\n  for (uint8_t i = 16; i; i--) {\n    __asm__ (\"nop\");\n  }\n}\n\nvoid keyboard_scan_user() {\n// Direct pins\n\n\n// Matrix\nOUT0 = 0;\nrow_switch_delay();\nkey_state_inform(0, !IN0);\nkey_state_inform(1, !IN1);\nkey_state_inform(2, !IN2);\nkey_state_inform(3, !IN3);\nkey_state_inform(4, !IN4);\nkey_state_inform(5, !IN5);\nkey_state_inform(6, !IN6);\nkey_state_inform(7, !IN7);\nkey_state_inform(8, !IN8);\nkey_state_inform(9, !IN9);\nOUT0 = 1;\n\nOUT1 = 0;\nrow_switch_delay();\nkey_state_inform(10, !IN0);\nkey_state_inform(11, !IN1);\nkey_state_inform(12, !IN2);\nkey_state_inform(13, !IN3);\nkey_state_inform(14, !IN4);\nkey_state_inform(15, !IN5);\nkey_state_inform(16, !IN6);\nkey_state_inform(17, !IN7);\nkey_state_inform(18, !IN8);\nkey_state_inform(19, !IN9);\nOUT1 = 1;\n\nOUT2 = 0;\nrow_switch_delay();\nkey_state_inform(20, !IN0);\nkey_state_inform(21, !IN1);\nkey_state_inform(22, !IN2);\nkey_state_inform(23, !IN3);\nkey_state_inform(24, !IN4);\nkey_state_inform(25, !IN5);\nkey_state_inform(26, !IN6);\nkey_state_inform(27, !IN7);\nkey_state_inform(28, !IN8);\nkey_state_inform(29, !IN9);\nOUT2 = 1;\n\nOUT3 = 0;\nrow_switch_delay();\nkey_state_inform(30, !IN0);\nkey_state_inform(31, !IN3);\nkey_state_inform(32, !IN4);\nkey_state_inform(33, !IN5);\nkey_state_inform(34, !IN6);\nkey_state_inform(35, !IN9);\nOUT3 = 1;\n}",
    "h": "#define CH55X 2\n#define COMBO_COUNT 0\n#define CONDITIONAL_LAYER_COUNT 0\n#define DEBOUNCE_MS 5\n#define KEY_COUNT 36\n#define KEY_EVENT_QUEUE_LEN 32\n#define LAYER_COUNT 1\n#define MACRO_STEP_ARG_COUNT 0\n#define MOUSE_MOVE_SPEED 4\n#define MOUSE_SCROLL_INTERVAL_MS 20\n#define SPLIT_SIDE_CENTRAL \n#define USB_EP0_SIZE 8\n#define USB_EP1_SIZE 8\n#define USB_EP2_SIZE 8\n#define USB_EP3_SIZE 4\n#define USB_NUM_INTERFACES 1\n#define USB_PRODUCT_ID 1\n#define USB_PRODUCT_VER 256\n#define USB_VENDOR_ID 43962\n#define XADDR_KEY_EVENT_QUEUE 0\n#define XADDR_KEY_STATES 163\n#define XADDR_LAST_TAP_TIMESTAMP 343\n#define XADDR_STRONG_MODS_REF_COUNT 345\n#define XADDR_USB_EP0 353\n#define XADDR_USB_EP1 363\n#define XADDR_USB_TX_LEN 373\n\n#include \"keyboard.h\"\n\nvoid keyboard_init_user();\nvoid keyboard_scan_user();"
  },
  "meson_options": {
    "extra_sources": "",
    "split": false
  },
  "__hash__": "02670076a0f691a8da25b44fb352543dc82bf83442343de6fd38f7c69a9b3b45"
}